22616,Zscaler
53813,Zscaler
62044,Zscaler
53444,Zscaler
62907, Zscaler
9067,Microsoft
5761,Microsoft
45139,Microsoft
8070,Microsoft
12076,Microsoft
35106,Microsoft
6584,Microsoft
3598,Microsoft
8068,Microsoft
8075,Microsoft
8069,Microsoft
8862,Microsoft
36692,Cisco Umbrella
0,Palo Alto Networks
55256,Netskope
7598,Forcepoint
44444,Forcepoint
42465,Forcepoint
271244,Fortinet
40934,Fortinet
25885,Fortinet
200589,Fortinet
53928,Fortinet
132361,Citrix
62795,Citrix
60825,Citrix
394536,Cloudflare
139242,Cloudflare
203898,Cloudflare
202623,Cloudflare
132892,Cloudflare
395747,Cloudflare
209242,Cloudflare
13335,Cloudflare
14789,Cloudflare
271017,Amazon
8987,Amazon
266122,Amazon
271047,Amazon
262486,Amazon
264509,Amazon
264344,Amazon
61577,Amazon
267242,Amazon
274698,Amazon
14618,Amazon
16509,Amazon
801,Amazon
264167,Amazon
266194,Amazon
7224,Amazon
62785,Amazon
52994,Amazon
263639,Amazon
15169,Google
41264,Google
32381,Google
24424,Google
139070,Google
139190,Google
19527,Google
36492,Google
16591,Google
43515,Google
36385,Google
45566,Google
15169,Google
395973,Google
36384,Google
396982,Google
394082,Google
214611,Google
214609,Google
16550,Google
